Rowname,G4EnhBiv_Clu1_KDM2B_in_ALL,G4EnhBiv_Clu2_KDM2B_in_K562,D283.KDM2B_H3K27me3__VS__Ctrl_H3K27me3.Down2NoFDR,D283.KDM2B_H3K4me3__VS__Ctrl_H3K4me3.Down2NoFDR,SRM279490.Group4_KDM2B__VS__Group3_KDM2B.Control,SRM279490.Group4_KDM2B__VS__Group3_KDM2B.Down2NoFDR,SRM279490.Group4_KDM2B__VS__Group3_KDM2B.Up2NoFDR
chr1:88382-88463,0,0,0,0,0,0,0
chr1:605200-605799,0,0,0,0,0,0,1
chr1:777000-780599,0,0,0,1,0,0,0
chr1:826732-827926,0,0,0,0,0,0,0
chr1:828348-828625,0,0,0,1,0,0,0
chr1:867600-873399,0,0,0,0,0,0,0
chr1:874187-874557,0,0,0,0,0,0,0
chr1:879066-885788,0,0,0,0,1,0,0
chr1:885950-887779,0,0,0,0,0,0,0
chr1:890489-891615,0,0,0,0,0,0,0
chr1:892914-893299,0,0,0,0,0,0,0
chr1:893345-893451,0,0,0,0,0,0,0
chr1:894175-907599,0,0,0,1,0,0,0
chr1:922463-924244,0,0,0,0,0,0,0
chr1:924625-925285,0,0,0,1,0,0,0
chr1:925463-926514,0,0,0,0,0,0,0
chr1:927084-927165,0,0,0,0,0,0,0
chr1:927825-928066,0,0,0,0,0,0,0
chr1:928312-932359,0,0,0,0,0,0,0
chr1:934740-936751,0,0,0,0,0,0,0
chr1:937275-945274,0,0,0,0,0,0,0
chr1:957800-964199,0,0,0,1,0,0,0
chr1:964497-968503,0,0,0,0,0,0,0
chr1:968875-976799,0,0,0,0,0,0,0
chr1:978186-986846,0,0,0,0,0,0,0
chr1:987377-989483,0,0,0,0,0,0,0
chr1:989568-996199,0,0,0,0,1,0,0
chr1:996944-1001221,0,0,0,0,0,0,0
chr1:1001712-1001958,0,0,0,0,0,0,0
chr1:1002076-1002351,0,0,0,0,0,0,0
chr1:1002360-1003138,0,0,0,0,0,0,0
chr1:1003472-1011361,0,0,0,0,0,0,0
chr1:1011493-1012267,0,0,0,0,0,0,0
chr1:1012312-1013442,0,0,0,0,0,0,0
chr1:1013537-1013825,0,0,0,0,0,0,0
chr1:1019218-1019387,0,0,0,0,0,0,0
chr1:1019671-1019890,0,0,0,0,0,0,0
chr1:1021311-1022162,0,0,0,0,0,0,0
chr1:1022278-1023575,0,0,0,0,0,0,0
chr1:1024107-1024763,0,0,0,0,0,0,0
chr1:1024865-1025034,0,0,0,0,0,0,0
chr1:1025121-1025671,0,0,0,0,0,0,0
chr1:1025774-1028402,0,0,0,0,0,0,0
chr1:1032034-1035816,0,0,0,0,0,0,0
chr1:1035943-1039707,0,0,0,0,0,0,0
chr1:1039767-1040847,0,0,0,0,0,0,0
chr1:1041076-1041620,0,0,0,0,0,0,0
chr1:1043150-1046808,0,0,0,0,0,0,0
chr1:1046954-1048132,0,0,0,0,0,0,0
chr1:1050558-1051619,0,0,0,0,0,0,0
chr1:1051771-1051961,0,0,0,0,0,0,0
chr1:1052705-1053527,0,0,0,0,0,0,0
chr1:1053964-1054316,0,0,0,0,0,0,0
chr1:1055119-1058627,0,0,0,0,0,0,0
chr1:1058698-1062134,0,0,0,0,0,0,0
chr1:1062296-1063941,0,0,0,0,0,0,0
chr1:1064050-1064639,0,0,0,0,0,0,0
chr1:1065427-1076486,0,0,0,0,0,0,0
chr1:1077112-1077266,0,0,0,0,0,0,0
chr1:1079292-1080281,0,0,0,0,0,0,0
chr1:1114711-1115582,0,0,0,1,0,0,0
chr1:1116158-1117032,0,0,0,0,0,0,0
chr1:1117528-1119820,0,0,0,0,0,0,0
chr1:1120653-1120878,0,0,0,0,0,0,0
chr1:1121955-1122207,0,0,0,0,0,0,0
chr1:1122362-1122459,0,0,0,0,0,0,0
chr1:1124335-1124558,0,0,0,0,0,0,0
chr1:1124643-1133692,0,0,0,0,0,0,0
chr1:1133992-1136894,0,0,0,0,0,0,0
chr1:1137146-1138963,0,0,0,0,0,0,0
chr1:1140832-1140952,0,0,0,0,0,0,0
chr1:1141653-1143945,0,0,0,0,0,0,0
chr1:1146142-1147113,0,0,0,0,0,0,0
chr1:1147202-1149142,0,0,0,0,0,0,0
chr1:1149871-1150416,0,0,0,0,0,0,0
chr1:1157533-1157674,0,0,0,0,0,0,0
chr1:1159288-1161874,0,0,0,0,0,0,0
chr1:1161965-1180936,0,0,0,0,0,0,0
chr1:1181014-1184544,0,0,0,0,0,0,0
chr1:1184759-1187199,0,0,0,0,0,0,0
chr1:1187310-1189855,0,0,0,0,0,0,0
chr1:1190213-1191093,0,0,0,0,0,0,0
chr1:1193843-1194853,0,0,0,0,0,0,0
chr1:1197733-1201251,0,0,0,0,0,0,0
chr1:1201363-1201715,0,0,0,0,0,0,0
chr1:1202726-1204402,0,0,0,0,0,0,0
chr1:1205069-1205896,0,0,0,0,0,0,0
chr1:1205987-1207230,0,0,0,0,0,0,0
chr1:1230799-1232144,0,0,0,0,0,0,0
chr1:1232972-1234089,0,0,0,1,0,0,0
chr1:1249800-1251399,0,0,0,0,0,0,0
chr1:1258200-1259399,0,0,0,0,0,0,1
chr1:1271704-1273553,0,0,0,1,0,0,0
chr1:1273656-1275284,0,0,0,1,0,0,0
chr1:1298200-1312399,0,0,0,1,0,1,0
chr1:1323003-1323783,0,0,0,1,0,0,0
chr1:1324153-1326095,0,0,0,1,0,0,0
chr1:1345200-1363399,0,0,0,1,1,0,0
chr1:1373397-1376470,0,0,0,1,0,0,0
chr1:1397200-1412199,0,0,0,1,0,0,0
chr1:1412587-1412721,0,0,0,1,0,0,0
chr1:1434921-1435636,0,0,0,1,0,0,0
chr1:1435904-1436721,0,0,0,1,0,0,0
chr1:1469800-1474087,0,0,0,1,0,0,0
chr1:1489400-1493199,0,0,0,0,0,0,0
chr1:1503000-1507599,0,0,0,0,1,0,0
chr1:1510200-1514399,0,0,0,1,0,0,0
chr1:1572967-1574614,0,0,0,1,0,0,0
chr1:1575513-1575608,0,0,0,0,0,0,0
chr1:1598796-1599630,0,0,0,1,0,0,0
chr1:1600235-1601237,0,0,0,1,0,0,0
chr1:1613741-1615748,0,0,0,1,0,0,0
chr1:1615952-1616186,0,0,0,1,0,0,0
chr1:1616313-1617324,0,0,0,1,0,0,0
chr1:1628200-1632799,0,0,0,0,0,1,0
chr1:1657064-1657280,0,0,0,1,0,0,0
chr1:1657857-1661599,0,0,0,1,0,0,0
chr1:1691199-1696999,0,0,0,1,0,1,0
chr1:1723261-1723382,0,0,0,1,0,0,0
chr1:1724121-1724261,0,0,0,1,0,0,0
chr1:1724345-1724631,0,0,0,1,0,0,0
chr1:1744791-1744890,0,0,0,1,0,0,0
chr1:1745600-1746799,0,0,0,0,0,0,0
chr1:1747277-1747460,0,0,0,1,0,0,0
chr1:1775200-1784399,1,0,0,1,0,0,0
chr1:1786600-1789599,0,0,0,0,0,0,1
chr1:1853300-1853766,0,0,0,0,0,0,0
chr1:1861313-1861464,0,0,0,0,0,0,0
chr1:1864422-1864878,0,0,0,0,0,0,0
chr1:1873076-1873336,0,0,0,0,0,0,0
chr1:1886018-1886768,0,0,0,1,0,0,0
chr1:1887162-1889757,0,0,0,1,0,0,0
chr1:1889884-1890312,0,0,0,1,0,0,0
chr1:1891240-1892957,0,0,0,1,0,0,0
chr1:1908294-1910470,0,0,0,1,0,0,0
chr1:1916796-1922399,0,0,0,0,0,1,0
chr1:1924400-1929399,0,0,0,0,0,0,0
chr1:1936519-1940773,0,0,0,0,0,0,0
chr1:1943765-1944033,0,0,0,0,0,0,0
chr1:1946532-1949063,0,0,0,0,0,0,0
chr1:1949241-1953288,0,0,0,0,0,0,0
chr1:1953389-1954623,0,0,0,0,0,0,0
chr1:1955612-1955731,0,0,0,0,0,0,0
chr1:1955767-1958866,0,0,0,0,0,0,0
chr1:1958884-1959101,0,0,0,0,0,0,0
chr1:1959242-1959376,0,0,0,0,0,0,0
chr1:1959600-1969249,0,0,0,0,0,0,0
chr1:1969638-1970583,0,0,0,0,0,0,0
chr1:1972160-1978377,0,0,0,0,0,0,0
chr1:1983269-1983368,0,0,0,0,0,0,0
chr1:1984318-1988721,0,0,0,0,0,0,0
chr1:1988983-1992724,0,0,0,0,0,0,0
chr1:1993298-1993603,0,0,0,0,0,0,0
chr1:1993952-1995892,0,0,0,0,0,0,0
chr1:1995983-1997982,0,0,0,0,0,0,0
chr1:1998072-1999416,0,0,0,0,0,0,0
chr1:1999531-2012309,0,0,0,0,1,0,0
chr1:2012378-2019075,0,0,0,0,0,0,0
chr1:2019608-2028326,0,0,0,0,0,0,0
chr1:2028460-2034328,0,0,0,0,0,0,0
chr1:2034420-2042550,0,0,0,0,0,0,0
chr1:2043022-2044391,0,0,0,0,0,0,0
chr1:2045110-2049096,0,0,0,0,0,0,0
chr1:2049223-2050192,0,0,0,0,0,0,0
chr1:2050733-2053810,0,0,0,0,0,0,0
chr1:2053917-2055072,0,0,0,0,0,0,0
chr1:2055285-2055722,0,0,0,0,0,0,0
chr1:2055983-2056487,0,0,0,0,0,0,0
chr1:2057080-2058517,0,0,0,0,0,0,0
chr1:2058601-2063046,0,0,0,0,0,0,0
chr1:2063201-2096999,0,0,0,0,0,0,1
chr1:2098291-2099296,0,0,0,0,0,0,0
chr1:2099463-2102611,0,0,0,0,0,0,0
chr1:2102716-2106607,0,0,0,0,0,0,0
chr1:2106725-2108181,0,0,0,0,0,0,0
chr1:2108235-2109022,0,0,0,0,0,0,0
chr1:2110076-2117997,0,0,0,0,0,0,1
chr1:2124779-2126435,0,0,0,0,0,0,0
chr1:2126678-2126837,0,0,0,0,0,0,0
chr1:2126872-2127225,0,0,0,0,0,0,0
chr1:2127331-2132108,0,0,0,0,0,0,0
chr1:2132245-2132739,0,0,0,0,0,0,0
chr1:2132984-2133533,0,0,0,0,0,0,0
chr1:2135383-2135879,0,0,0,0,0,0,0
chr1:2135991-2139618,0,0,0,0,0,0,1
chr1:2139742-2140784,0,0,0,0,0,0,0
chr1:2142365-2143030,0,0,0,0,0,0,0
chr1:2143293-2144030,0,0,0,0,0,0,0
chr1:2148594-2149842,0,0,0,0,0,0,0
chr1:2149928-2152006,0,0,0,0,0,0,0
chr1:2169991-2170709,0,0,0,0,0,0,0
chr1:2170803-2171787,0,0,0,0,0,0,0
chr1:2171837-2177399,0,0,0,0,0,0,0
chr1:2178200-2183999,0,0,0,0,0,0,0
chr1:2189647-2190416,0,0,0,0,0,0,0
chr1:2192988-2194663,0,0,0,1,0,0,0
chr1:2194872-2195540,0,0,0,0,0,0,0
chr1:2199022-2199477,0,0,0,1,0,0,0
chr1:2199569-2200351,0,0,0,1,0,0,0
chr1:2205322-2205778,0,0,0,0,0,0,0
chr1:2226312-2227206,0,0,0,1,0,0,0
chr1:2228798-2228919,0,0,0,1,0,0,0
chr1:2229020-2232037,0,0,0,1,0,0,0
chr1:2246400-2258999,0,0,0,0,1,0,0
chr1:2289800-2292399,0,0,0,0,0,0,0
chr1:2302800-2306399,0,0,0,0,0,0,1
chr1:2308400-2328199,0,0,0,1,1,0,0
chr1:2329000-2333599,0,0,0,0,0,0,0
chr1:2334600-2337399,0,0,0,0,0,1,0
chr1:2390261-2391994,0,0,0,1,0,0,0
chr1:2392099-2393221,0,0,0,1,0,0,0
chr1:2394028-2394149,0,0,0,1,0,0,0
chr1:2410777-2412305,0,0,0,1,0,0,0
chr1:2412549-2412729,0,0,0,1,0,0,0
chr1:2412771-2414492,0,0,0,1,0,0,0
chr1:2417962-2419452,0,0,0,0,0,0,0
chr1:2422126-2422804,0,0,0,0,0,0,0
chr1:2423980-2427981,0,0,0,0,0,0,0
chr1:2429200-2435915,0,0,0,0,0,0,0
chr1:2436800-2449599,0,0,0,0,1,0,0
chr1:2455621-2456389,0,0,0,0,0,0,0
chr1:2465297-2465448,0,0,0,0,0,0,0
chr1:2465459-2469460,0,0,0,0,0,0,0
chr1:2474289-2481889,0,0,0,0,0,0,0
chr1:2495782-2500648,0,0,0,0,0,0,0
chr1:2525008-2526337,0,0,0,1,0,0,0
chr1:2559360-2562142,0,0,0,0,0,0,0
chr1:2562997-2564295,0,0,0,0,0,0,0
chr1:2564377-2567783,0,0,0,0,0,0,0
chr1:2569024-2571082,0,0,0,0,0,0,0
chr1:2571218-2572013,0,0,0,0,0,0,0
chr1:2572127-2576790,0,0,0,0,0,0,0
chr1:2578268-2579221,0,0,0,0,0,0,0
chr1:2579600-2580525,0,0,0,0,0,0,0
chr1:2580648-2581759,0,0,0,0,0,0,0
chr1:2581832-2582256,0,0,0,0,0,0,0
chr1:2582378-2582722,0,0,0,0,0,0,0
chr1:2583729-2583854,0,0,0,0,0,0,0
chr1:2584439-2584570,0,0,0,0,0,0,0
chr1:2585669-2587906,0,0,0,1,0,0,0
chr1:2600865-2606461,0,0,0,0,0,0,0
chr1:2610172-2610396,0,0,0,0,0,0,0
chr1:2617666-2623122,0,0,0,0,0,0,0
chr1:2624092-2624533,0,0,0,0,0,0,0
chr1:2624964-2628551,0,0,0,0,0,0,0
chr1:2629128-2630598,0,0,0,0,0,0,0
chr1:2641553-2643610,0,0,0,1,0,0,0
chr1:2759649-2759761,0,0,0,0,0,0,0
chr1:2784345-2784517,0,0,0,0,0,0,0
chr1:2788491-2788944,0,0,0,0,0,0,0
chr1:2789033-2789820,0,0,0,0,0,0,0
chr1:2801532-2805392,0,0,0,0,0,0,0
chr1:2805583-2809218,0,0,0,0,0,0,0
chr1:2814816-2818407,0,0,0,0,0,0,0
chr1:2822972-2823872,0,0,0,0,0,0,0
chr1:2833108-2833867,0,0,0,0,0,0,0
chr1:2833999-2837242,0,0,0,0,0,0,0
chr1:2837297-2840811,0,0,0,0,0,0,0
chr1:2840998-2842853,0,0,0,0,0,0,0
chr1:2842911-2843097,0,0,0,0,0,0,0
chr1:2844914-2848965,0,0,0,0,0,0,0
chr1:2849075-2852204,0,0,0,0,0,0,0
chr1:2853010-2859083,0,0,0,0,0,0,0
chr1:2859683-2863119,0,0,0,0,0,0,0
chr1:2863257-2863887,0,0,0,0,0,0,0
chr1:2864016-2864928,0,0,0,0,0,0,0
chr1:2865022-2868742,0,0,0,0,0,0,0
chr1:2868803-2870421,0,0,0,0,0,0,0
chr1:2872487-2872852,0,0,0,0,0,0,0
chr1:2873139-2886628,0,0,0,0,0,0,0
chr1:2886717-2887314,0,0,0,0,0,0,0
chr1:2887459-2887870,0,0,0,0,0,0,0
chr1:2887983-2889805,0,0,0,0,0,0,0
chr1:2890076-2893131,0,0,0,0,0,0,0
chr1:2893310-2895248,0,0,0,0,0,0,0
chr1:2895351-2895820,0,0,0,0,0,0,0
chr1:2900307-2902575,0,0,0,0,0,0,0
chr1:2902989-2905147,0,0,0,0,0,0,0
chr1:2905279-2914843,0,0,0,0,0,0,1
chr1:2914941-2915277,0,0,0,0,0,0,0
chr1:2916287-2921252,0,0,0,0,0,0,0
chr1:2921995-2935728,0,0,0,0,0,0,0
chr1:2936038-2936576,0,0,0,0,0,0,0
chr1:2936636-2937343,0,0,0,0,0,0,0
chr1:2945148-2949541,0,0,0,0,0,0,0
chr1:2949980-2951898,0,0,0,0,0,0,0
chr1:2962089-2962315,0,0,0,0,0,0,0
chr1:2968068-2972121,0,0,0,0,0,0,0
chr1:2972231-2973819,0,0,0,0,0,0,0
chr1:2975481-2975790,0,0,0,0,0,0,0
chr1:2979318-2981208,0,0,0,0,0,0,0
chr1:2981320-2984524,0,0,0,0,0,0,0
chr1:2984581-2985425,0,0,0,0,0,0,0
chr1:2987450-2988267,0,0,0,0,0,0,0
chr1:2988374-2988667,0,0,0,0,0,0,0
chr1:2996933-2998384,0,0,0,0,0,0,0
chr1:2999058-2999969,0,0,0,0,0,0,0
chr1:3000131-3001825,0,0,0,0,0,0,0
chr1:3001915-3004839,0,0,0,0,0,0,0
chr1:3010754-3011457,0,0,0,0,0,0,0
chr1:3011577-3016299,0,0,0,0,0,0,0
chr1:3016826-3020474,0,0,0,0,0,0,0
chr1:3020633-3021687,0,0,0,0,0,0,0
chr1:3021748-3024785,0,0,0,0,0,0,0
chr1:3027380-3032836,0,0,0,0,0,0,0
chr1:3032919-3039138,0,0,0,0,0,0,0
chr1:3039584-3040474,0,0,0,0,0,0,0
chr1:3040603-3042250,0,0,0,0,0,0,0
chr1:3042348-3043528,0,0,0,0,0,0,0
chr1:3045488-3045964,0,0,0,0,0,0,0
chr1:3046032-3048660,0,0,0,0,0,0,0
chr1:3054461-3055207,0,0,0,0,0,0,0
chr1:3055875-3056158,0,0,0,0,0,0,0
chr1:3057178-3058076,0,0,0,0,0,0,0
chr1:3058649-3058828,0,0,0,0,0,0,0
chr1:3058902-3061652,0,0,0,0,0,0,0
chr1:3061738-3062995,0,0,0,0,0,0,0
chr1:3063108-3083640,0,0,0,0,0,0,0
chr1:3084020-3087013,0,0,0,0,0,0,0
chr1:3087028-3088444,0,0,0,0,0,0,0
chr1:3088917-3104977,0,0,0,0,0,0,1
chr1:3105185-3106747,0,0,0,0,0,0,0
chr1:3107250-3108167,0,0,0,0,0,0,0
chr1:3109236-3109827,0,0,0,0,0,0,0
chr1:3111563-3113519,0,0,0,0,0,0,0
chr1:3116229-3116473,0,0,0,0,0,0,0
chr1:3116596-3116853,0,0,0,0,0,0,0
chr1:3117010-3117138,0,0,0,0,0,0,0
chr1:3117249-3117980,0,0,0,0,0,0,0
chr1:3118183-3118903,0,0,0,0,0,0,0
chr1:3118912-3146805,0,0,0,0,0,0,1
chr1:3146948-3148600,0,0,0,0,0,0,0
chr1:3148901-3148998,0,0,0,0,0,0,0
chr1:3149127-3150727,0,0,0,0,0,0,0
chr1:3150986-3152506,0,0,0,0,0,0,0
chr1:3152542-3165199,0,0,0,0,0,0,1
chr1:3166597-3166690,0,0,0,0,0,0,0
chr1:3171208-3175774,0,0,0,0,0,0,0
chr1:3182640-3183600,0,0,0,0,0,0,0
chr1:3183761-3191600,0,0,0,0,0,0,0
chr1:3193819-3194701,0,0,0,0,0,0,0
chr1:3194810-3250965,0,0,0,0,0,0,1
chr1:3251038-3252773,0,0,0,0,0,0,0
chr1:3252930-3253172,0,0,0,0,0,0,0
chr1:3255297-3256771,0,0,0,0,0,0,0
chr1:3256888-3257478,0,0,0,0,0,0,0
chr1:3258038-3259010,0,0,0,0,0,0,0
chr1:3259071-3259883,0,0,0,0,0,0,0
chr1:3261124-3262055,0,0,0,0,0,0,0
chr1:3262692-3263759,0,0,0,0,0,0,0
chr1:3264618-3269337,0,0,0,0,0,0,0
chr1:3269481-3270552,0,0,0,0,0,0,0
chr1:3270669-3286766,0,0,0,0,0,0,0
chr1:3286791-3287309,0,0,0,0,0,0,0
chr1:3287718-3295128,0,0,0,0,0,0,0
chr1:3295190-3299348,0,0,0,0,0,0,0
chr1:3301503-3302491,0,0,0,0,0,0,0
chr1:3302635-3302983,0,0,0,0,0,0,0
chr1:3303065-3303689,0,0,0,0,0,0,0
chr1:3304476-3305044,0,0,0,0,0,0,0
chr1:3305581-3308368,0,0,0,0,0,0,0
chr1:3308463-3319182,0,0,0,0,0,0,1
chr1:3319517-3320082,0,0,0,0,0,0,0
chr1:3320251-3320480,0,0,0,0,0,0,0
chr1:3321976-3322331,0,0,0,0,0,0,0
chr1:3322426-3327266,0,0,0,0,0,0,0
chr1:3327328-3329464,0,0,0,0,0,0,0
chr1:3329514-3333427,0,0,0,0,0,0,0
chr1:3334166-3335225,0,0,0,0,0,0,0
chr1:3341258-3343500,0,0,0,0,0,0,0
chr1:3347522-3351415,0,0,0,0,0,0,0
chr1:3352005-3371399,0,0,0,0,0,0,1
chr1:3372046-3378772,0,0,0,0,0,0,0
chr1:3380496-3382365,0,0,0,0,0,0,0
chr1:3382456-3408306,0,0,0,0,0,0,0
chr1:3408398-3409523,0,0,0,0,0,0,0
chr1:3409606-3409796,0,0,0,0,0,0,0
chr1:3410011-3413163,0,0,0,0,0,0,0
chr1:3413254-3416610,0,0,0,0,0,0,0
chr1:3417384-3436897,0,0,0,0,0,0,0
chr1:3436998-3439669,0,0,0,0,0,0,0
chr1:3440186-3443298,0,0,0,0,0,0,0
chr1:3443394-3444824,0,0,0,0,0,0,0
chr1:3445228-3446100,0,0,0,0,0,0,0
chr1:3447557-3447908,0,0,0,0,0,0,0
chr1:3448780-3449384,0,0,0,0,0,0,0
chr1:3450437-3452050,0,0,0,0,0,0,0
chr1:3452551-3474770,0,0,0,0,0,0,0
chr1:3477637-3478683,0,0,0,0,0,0,0
chr1:3479898-3482175,0,0,0,0,0,0,0
chr1:3484084-3485759,0,0,0,0,0,0,0
chr1:3485845-3486179,0,0,0,0,0,0,0
chr1:3486256-3487028,0,0,0,0,0,0,0
chr1:3487242-3489293,0,0,0,0,0,0,0
chr1:3489644-3490308,0,0,0,0,0,0,0
chr1:3491198-3491352,0,0,0,0,0,0,0
chr1:3491485-3499664,0,0,0,0,0,0,0
chr1:3503009-3503328,0,0,0,0,0,0,0
chr1:3505812-3506670,0,0,0,0,0,0,0
chr1:3522905-3527484,0,0,0,0,0,0,0
chr1:3529447-3533448,0,0,0,0,0,0,0
chr1:3534045-3534699,0,0,0,0,0,0,0
chr1:3541301-3548985,0,0,0,0,0,0,0
chr1:3549086-3552151,0,0,0,0,0,0,0
chr1:3552211-3552660,0,0,0,0,0,0,0
chr1:3553578-3564197,0,0,0,0,0,0,1
chr1:3578363-3578601,0,0,0,0,0,0,0
chr1:3594600-3600399,0,0,0,0,0,0,0
chr1:3609276-3613508,0,0,0,0,0,0,0
chr1:3613792-3616581,0,0,0,0,0,0,0
chr1:3616696-3617199,0,0,0,0,0,0,0
chr1:3617311-3618536,0,0,0,0,0,0,0
chr1:3618621-3619070,0,0,0,0,0,0,0
chr1:3621029-3621172,0,0,0,0,0,0,0
chr1:3623511-3624932,0,0,0,1,0,0,0
chr1:3625267-3626369,0,0,0,1,0,0,0
chr1:3648894-3650162,0,0,0,1,0,0,0
chr1:3652607-3654025,0,0,0,1,0,0,0
chr1:3711200-3721799,0,0,0,0,0,0,1
chr1:3745939-3747701,0,0,0,1,0,0,0
chr1:3754824-3756468,0,0,0,0,0,0,0
chr1:3756551-3757614,0,0,0,0,0,0,0
chr1:3758970-3766864,0,0,0,0,0,0,0
chr1:3771463-3773358,0,0,0,1,0,0,0
chr1:3795015-3796086,0,0,0,1,0,0,0
chr1:3796318-3797546,0,0,0,1,0,0,0
chr1:3855200-3859799,0,0,0,1,0,0,0
chr1:3898672-3900240,0,0,0,1,0,0,0
chr1:3980800-3983399,0,0,0,0,0,0,0
chr1:4017200-4019999,0,0,0,0,0,0,1
chr1:4047600-4049399,0,0,0,0,0,0,0
chr1:4170600-4174399,0,0,0,0,0,0,1
chr1:4637600-4638999,0,0,0,0,0,0,1
chr1:4652371-4652697,0,0,0,0,0,0,0
chr1:4652842-4652932,0,0,0,0,0,0,0
chr1:4655385-4655665,0,0,0,0,0,0,0
chr1:4655924-4657752,0,0,0,0,0,0,0
chr1:4697800-4698399,0,0,0,0,0,0,1
chr1:4774000-4780199,0,0,0,0,0,0,1
chr1:4931800-4933599,0,0,0,0,0,0,1
chr1:5125837-5125929,0,0,0,0,0,0,0
chr1:5220600-5222199,0,0,0,0,0,0,1
chr1:5225417-5225990,0,0,0,0,0,0,0
chr1:5226104-5226646,0,0,0,0,0,0,0
chr1:5267571-5267688,0,0,0,0,0,0,0
chr1:5294000-5298799,0,0,0,0,0,0,0
chr1:5304693-5304787,0,0,0,0,0,0,0
chr1:5310000-5315199,0,0,0,0,0,0,0
chr1:5376243-5376352,0,0,0,0,0,0,0
chr1:5454800-5456999,0,0,0,0,0,0,1
chr1:5497600-5498999,0,0,0,0,0,0,1
chr1:5506600-5508399,0,0,0,0,0,0,1
chr1:5525600-5527199,0,0,0,0,0,0,1
chr1:5652000-5653399,0,0,0,0,0,0,1
chr1:5660400-5662399,0,0,0,0,0,0,0
chr1:5718600-5719799,0,0,0,0,0,0,1
chr1:5744600-5747399,0,0,0,0,0,0,1
chr1:5770800-5774599,0,0,0,0,0,0,1
chr1:5836800-5837999,0,0,0,0,0,0,0
chr1:5921600-5923999,0,0,0,0,0,0,1
chr1:5990400-5995999,0,0,0,1,0,0,0
chr1:6003741-6003873,0,0,0,0,0,0,0
chr1:6006800-6008399,0,0,0,0,0,0,0
chr1:6032400-6035399,0,0,0,0,0,0,0
chr1:6078800-6085199,0,0,0,0,0,0,0
chr1:6107800-6112999,0,0,0,0,0,0,0
chr1:6141800-6149399,0,0,0,0,0,0,0
chr1:6160504-6160814,0,0,0,0,0,0,0
chr1:6178200-6185799,0,0,0,0,0,0,0
chr1:6196400-6211399,0,0,0,1,1,0,0
chr1:6222800-6225799,0,0,0,0,0,0,1
chr1:6234308-6235543,0,0,0,1,0,0,0
chr1:6238000-6255399,0,0,0,0,1,0,0
chr1:6256600-6265199,0,0,0,1,0,0,0
chr1:6290600-6292799,0,0,0,0,0,0,0
chr1:6328800-6332399,0,0,0,0,0,0,0
chr1:6335200-6337199,0,0,0,0,0,0,0
chr1:6343200-6344199,0,0,0,0,0,0,0
chr1:6350200-6355799,0,0,0,0,0,0,1
chr1:6384600-6387999,0,0,0,0,0,0,0
chr1:6392155-6392997,0,0,0,1,0,0,0
chr1:6393217-6394495,0,0,0,0,0,0,0
chr1:6414222-6414521,0,0,0,0,0,0,0
chr1:6416224-6418929,0,0,0,0,0,0,0
chr1:6419103-6419336,0,0,0,0,0,0,0
chr1:6419485-6419569,0,0,0,0,0,0,0
chr1:6419658-6419876,0,0,0,0,0,0,0
chr1:6420004-6422159,0,0,0,0,0,0,0
chr1:6422307-6423635,0,0,0,0,0,0,0
chr1:6423695-6425303,0,0,0,0,0,0,0
chr1:6438032-6438118,0,0,0,0,0,0,0
chr1:6440540-6440793,0,0,0,0,0,0,0
chr1:6446382-6448719,0,0,0,0,0,0,0
chr1:6448976-6452203,0,0,0,0,0,0,0
chr1:6452306-6453204,0,0,0,0,0,0,0
chr1:6453322-6453635,0,0,0,0,0,0,0
chr1:6453767-6454883,0,0,0,0,0,0,0
chr1:6456169-6457540,0,0,0,0,0,0,0
chr1:6490079-6491291,0,0,0,0,0,0,0
chr1:6506000-6513799,0,0,0,0,0,0,0
chr1:6552270-6552362,0,0,0,1,0,0,0
chr1:6552464-6552775,0,0,0,1,0,0,0
chr1:6552880-6554857,0,0,0,1,0,0,0
chr1:6579339-6581301,0,0,0,1,0,0,0
chr1:6581354-6581457,0,0,0,1,0,0,0
chr1:6581807-6581951,0,0,0,1,0,0,0
chr1:6600179-6603835,0,0,0,1,0,0,0
chr1:6612575-6614733,0,0,0,0,0,0,0
chr1:6615206-6616345,0,0,0,1,0,0,0
chr1:6624686-6625134,0,0,0,0,0,0,0
chr1:6625463-6626372,0,0,0,1,0,0,0
chr1:6637800-6639199,0,0,0,0,0,0,1
chr1:6700211-6701785,0,0,0,1,0,0,0
chr1:6783373-6784610,0,0,0,1,0,0,0
chr1:6786098-6787256,0,0,0,1,0,0,0
chr1:6790327-6790432,0,0,0,0,0,0,0
chr1:6796832-6796919,0,0,0,0,0,0,0
chr1:6811739-6812091,0,0,0,0,0,0,0
chr1:6821622-6822007,0,0,0,0,0,0,0
chr1:6878483-6879180,0,0,0,0,0,0,0
chr1:6910084-6910304,0,0,0,0,0,0,0
chr1:6921000-6925399,0,0,0,0,0,0,0
chr1:6948475-6948565,0,0,0,0,0,0,0
chr1:6948717-6948902,0,0,0,0,0,0,0
chr1:6949167-6949250,0,0,0,0,0,0,0
chr1:6950322-6950406,0,0,0,0,0,0,0
chr1:7060000-7062199,0,0,0,0,0,0,1
chr1:7117400-7122399,0,0,0,0,1,0,0
chr1:7127705-7127841,0,0,0,0,0,0,0
chr1:7156413-7156543,0,0,0,0,0,0,0
chr1:7177600-7179999,0,0,0,0,0,0,1
chr1:7197400-7200999,0,0,0,0,0,1,0
chr1:7315887-7316082,0,0,0,0,0,0,0
chr1:7316361-7316548,0,0,0,0,0,0,0
chr1:7338600-7353599,0,0,0,0,0,0,0
chr1:7366200-7368799,0,0,0,0,1,0,0
chr1:7379400-7380999,0,0,0,0,0,0,1
chr1:7383600-7390599,0,0,0,0,0,0,0
chr1:7441200-7442999,0,0,0,0,0,0,0
chr1:7453000-7456999,0,0,0,0,0,0,1
chr1:7475600-7480999,0,0,0,0,1,0,0
chr1:7491200-7492799,0,0,0,0,0,0,0
chr1:7627600-7630199,0,0,0,0,0,0,0
chr1:7667400-7671199,0,0,0,0,0,0,0
chr1:7678200-7684599,0,0,0,0,0,1,0
chr1:7700400-7710199,0,0,0,1,1,0,0
chr1:7770506-7771272,0,0,0,1,0,0,0
chr1:7771546-7772508,0,0,0,1,0,0,0
chr1:7782784-7783735,0,0,0,1,0,0,0
chr1:7783938-7784167,0,0,0,0,0,0,0
chr1:7784490-7784779,0,0,0,1,0,0,0
chr1:7784911-7785175,0,0,0,1,0,0,0
chr1:7852838-7852931,0,0,0,0,0,0,0
chr1:7902600-7902999,0,0,0,0,0,0,0
chr1:7937015-7943599,0,0,0,0,0,0,0
chr1:7953484-7955123,0,0,0,1,0,0,0
chr1:7960347-7963084,0,0,0,1,0,0,0
chr1:8017574-8017666,0,0,0,0,0,0,0
chr1:8017879-8017974,0,0,0,0,0,0,0
chr1:8022160-8022381,0,0,0,0,0,0,0
chr1:8024310-8024447,0,0,0,0,0,0,0
chr1:8025227-8026824,0,0,0,0,0,0,0
chr1:8097797-8098190,0,0,0,0,0,0,0
chr1:8315826-8319827,0,1,0,0,0,0,0
chr1:8322330-8326331,0,1,0,0,0,0,0
chr1:8328138-8332429,0,1,0,0,0,0,0
chr1:8370000-8375599,0,0,0,0,0,0,0
chr1:8397788-8398100,0,0,0,0,0,0,0
chr1:8408356-8408527,0,0,0,0,0,0,0
chr1:8420800-8426799,0,0,0,1,0,0,0
chr1:8438400-8440399,0,0,0,0,1,0,0
chr1:8462355-8462950,0,0,0,0,0,0,0
chr1:8497441-8497918,0,0,0,0,0,0,0
chr1:8515354-8515508,0,0,0,0,0,0,0
chr1:8526231-8526728,0,0,0,0,0,0,0
chr1:8535445-8535605,0,0,0,0,0,0,0
chr1:8561293-8561419,0,0,0,0,0,0,0
chr1:8576055-8576593,0,0,0,0,0,0,0
chr1:8596200-8601799,0,0,0,0,0,1,0
chr1:8609637-8609729,0,0,0,0,0,0,0
chr1:8651218-8651414,0,0,0,0,0,0,0
chr1:8658879-8659126,0,0,0,0,0,0,0
chr1:8661892-8662058,0,0,0,0,0,0,0
chr1:8664429-8665198,0,0,0,0,0,0,0
chr1:8681786-8681944,0,0,0,0,0,0,0
chr1:8687493-8687657,0,0,0,0,0,0,0
chr1:8687880-8687985,0,0,0,0,0,0,0
chr1:8700653-8703185,0,0,0,1,0,0,0
chr1:8703352-8703556,0,0,0,0,0,0,0
chr1:8703579-8704074,0,0,0,0,0,0,0
chr1:8712082-8712175,0,0,0,0,0,0,0
chr1:8723643-8723903,0,0,0,0,0,0,0
chr1:8755188-8755349,0,0,0,0,0,0,0
chr1:8802081-8802175,0,0,0,0,0,0,0
chr1:8802313-8802414,0,0,0,0,0,0,0
chr1:8813082-8813315,0,0,0,0,0,0,0
chr1:8813977-8817239,0,0,0,1,0,0,0
chr1:8817320-8817447,0,0,0,1,0,0,0
chr1:8820600-8824599,0,0,0,0,0,1,0
chr1:8855827-8855987,0,0,0,0,0,0,0
chr1:8873000-8881199,0,0,0,1,0,0,0
chr1:8889200-8891799,0,0,0,0,0,0,1
chr1:8913600-8916399,0,0,0,0,0,0,0
chr1:9080464-9081527,0,0,0,0,0,0,0
chr1:9090400-9090720,0,0,0,0,0,0,0
chr1:9124800-9132399,0,0,0,0,0,0,0
chr1:9179584-9185799,0,0,0,1,0,0,0
chr1:9195400-9204599,0,0,0,0,0,0,0
chr1:9231600-9237199,0,0,0,1,0,0,0
chr1:9292814-9292918,0,0,0,1,0,0,0
chr1:9293375-9295726,0,0,0,1,0,0,0
chr1:9297077-9297790,0,0,0,0,0,0,0
chr1:9320259-9321173,0,0,0,0,0,0,0
chr1:9321357-9321454,0,0,0,0,0,0,0
chr1:9350520-9350881,0,0,0,0,0,0,0
chr1:9373900-9374788,0,0,0,0,0,0,0
chr1:9399600-9403999,0,0,0,0,0,0,0
chr1:9423976-9424065,0,0,0,0,0,0,0
chr1:9429171-9429268,0,0,0,0,0,0,0
chr1:9475200-9475799,0,0,0,0,0,0,1
chr1:9493400-9498199,0,0,0,0,0,0,0
chr1:9505319-9505439,0,0,0,0,0,0,0
chr1:9513003-9513148,0,0,0,0,0,0,0
chr1:9538354-9538545,0,0,0,0,0,0,0
chr1:9539294-9539429,0,0,0,1,0,0,0
chr1:9539898-9542884,0,0,0,1,0,0,0
chr1:9544256-9544426,0,0,0,0,0,0,0
chr1:9547671-9548137,0,0,0,0,0,0,0
chr1:9559688-9559795,0,0,0,0,0,0,0
chr1:9560372-9560503,0,0,0,0,0,0,0
chr1:9572790-9572981,0,0,0,0,0,0,0
chr1:9589198-9590791,0,0,0,1,0,0,0
chr1:9593113-9593435,0,0,0,0,0,0,0
chr1:9604400-9608799,0,0,0,0,0,0,1
chr1:9649732-9653746,0,0,0,0,0,0,0
chr1:9686176-9690534,0,0,0,1,0,0,0
chr1:9708198-9712199,0,0,0,0,0,0,0
chr1:9713699-9718277,0,0,0,0,0,0,0
chr1:9784820-9784926,0,0,0,0,0,0,0
chr1:9821534-9823605,0,0,0,1,0,0,0
chr1:9835990-9836085,0,0,0,0,0,0,0
chr1:9891474-9891641,0,0,0,0,0,0,0
chr1:9893778-9894151,0,0,0,0,0,0,0
chr1:9907200-9912399,0,0,0,1,1,0,0
chr1:9942336-9943635,0,0,0,1,0,0,0
chr1:9943709-9944428,0,0,0,1,0,0,0
chr1:9944490-9944787,0,0,0,1,0,0,0
chr1:9950157-9950392,0,0,0,0,0,0,0
chr1:9967187-9967320,0,0,0,0,0,0,0
chr1:9990631-9990935,0,0,0,0,0,0,0
chr1:9995400-9999799,0,0,0,1,0,0,0
chr1:10033415-10035057,0,0,0,1,0,0,0
chr1:10035151-10035447,0,0,0,1,0,0,0
chr1:10035528-10036686,0,0,0,1,0,0,0
chr1:10067335-10067509,0,0,0,0,0,0,0
chr1:10140639-10141321,0,0,0,0,0,0,0
chr1:10149040-10149370,0,0,0,0,0,0,0
chr1:10206600-10214999,0,0,0,1,1,0,0
chr1:10236440-10236856,0,0,0,0,0,0,0
chr1:10254219-10254389,0,0,0,0,0,0,0
chr1:10397000-10402399,0,0,0,1,0,0,0
chr1:10424365-10424487,0,0,0,0,0,0,0
chr1:10430446-10431539,0,0,0,1,0,0,0
chr1:10470800-10476799,0,0,0,1,1,0,0
chr1:10506600-10508799,0,0,0,0,1,0,0
chr1:10514069-10514524,0,0,0,0,0,0,0
chr1:10533400-10542999,0,0,0,0,0,0,0
chr1:10636762-10640763,0,0,0,0,0,0,0
chr1:10643075-10647076,0,0,0,0,0,0,0
chr1:10649099-10653100,0,0,0,0,0,0,0
chr1:10659397-10663398,0,0,0,0,0,0,0
chr1:10676086-10676509,0,0,0,0,0,0,0
chr1:10678384-10679707,0,0,0,0,0,0,0
chr1:10679900-10680055,0,0,0,0,0,0,0
chr1:10691911-10696479,0,0,0,0,0,0,0
chr1:10703574-10707575,0,0,0,0,0,0,0
chr1:10714389-10715166,0,0,0,0,0,0,0
chr1:10752985-10753463,0,0,0,0,0,0,0
chr1:10753645-10753752,0,0,0,0,0,0,0
chr1:10773200-10783799,0,0,0,0,0,0,0
chr1:10784200-10799999,0,0,0,1,1,0,0
chr1:10833600-10837999,0,0,0,0,0,0,0
chr1:10850800-10852199,0,0,0,0,0,0,0
chr1:10866865-10867151,0,0,0,0,0,0,0
chr1:10867394-10867679,0,0,0,0,0,0,0
chr1:10883600-10890999,0,0,0,0,0,0,0
chr1:10962000-10962251,0,0,0,0,0,0,0
chr1:11012707-11014499,0,0,0,1,0,0,0
chr1:11037884-11038048,0,0,0,0,0,0,0
chr1:11057800-11066199,0,0,0,1,0,0,0
chr1:11097956-11098351,0,0,0,1,0,0,0
chr1:11098383-11099398,0,0,0,1,0,0,0
chr1:11099951-11100219,0,0,0,0,0,0,0
chr1:11147000-11148399,0,0,0,0,0,0,0
chr1:11148837-11149167,0,0,0,0,0,0,0
chr1:11157485-11157611,0,0,0,0,0,0,0
chr1:11177600-11181399,0,0,0,0,0,0,0
chr1:11198200-11201799,0,0,0,0,0,0,0
chr1:11261245-11262474,0,0,0,1,0,0,0
chr1:11262926-11263626,0,0,0,1,0,0,0
chr1:11271400-11276599,0,0,0,1,0,0,0
chr1:11311400-11315599,0,0,0,0,0,0,0
chr1:11354400-11357599,0,0,0,0,0,0,0
chr1:11390600-11393599,0,0,0,0,0,0,1
chr1:11394800-11399399,0,0,0,0,0,0,1
chr1:11407400-11410199,0,0,0,0,0,0,1
chr1:11411200-11416799,0,0,0,0,0,0,1
chr1:11447000-11451399,0,0,0,0,0,1,0
chr1:11466000-11467599,0,0,0,0,0,0,0
chr1:11472000-11488799,0,0,0,0,1,0,0
chr1:11499200-11500799,0,0,0,0,0,0,0
chr1:11521800-11522399,0,0,0,0,0,0,1
chr1:11538400-11543799,0,0,0,0,0,0,1
chr1:11557283-11557781,0,0,0,0,0,0,0
chr1:11581080-11581436,0,0,0,0,0,0,0
chr1:11599400-11601199,0,0,0,0,0,0,0
chr1:11654957-11655966,0,0,0,1,0,0,0
chr1:11660000-11665999,0,0,0,0,0,1,0
chr1:11676400-11685399,0,0,0,1,1,0,0
chr1:11690978-11691135,0,0,0,0,0,0,0
chr1:11730200-11733799,0,0,0,0,1,0,0
chr1:11736362-11737689,0,0,0,1,0,0,0
chr1:11804893-11807476,0,0,0,1,0,0,0
chr1:11837600-11843399,0,0,0,0,0,0,1
chr1:11897933-11898235,0,0,0,0,0,0,0
chr1:11908348-11909007,0,0,0,0,0,0,0
chr1:11917000-11922599,0,0,0,0,0,0,1
chr1:11924356-11925992,0,0,0,1,0,0,0
chr1:11933600-11937399,0,0,0,1,1,0,0
chr1:11942200-11945999,0,0,0,0,0,0,1
chr1:11961535-11961682,0,0,0,0,0,0,0
chr1:11978200-11982164,0,0,0,1,0,0,0
chr1:12019052-12020620,0,0,0,1,0,0,0
chr1:12028000-12029999,0,0,0,0,0,0,0
chr1:12063044-12066309,0,0,0,0,0,0,0
chr1:12124400-12125799,0,0,0,0,0,0,0
chr1:12167241-12168683,0,0,0,0,0,0,0
chr1:12168771-12172901,0,0,0,0,0,0,0
chr1:12189224-12190601,0,0,0,0,0,0,0
chr1:12207800-12209599,0,0,0,0,0,0,0
chr1:12213228-12213844,0,0,0,0,0,0,0
chr1:12230269-12231744,0,0,0,1,0,0,0
chr1:12231765-12231864,0,0,0,1,0,0,0
chr1:12370153-12370724,0,0,0,0,0,0,0
chr1:12380136-12380253,0,0,0,0,0,0,0
chr1:12394464-12394724,0,0,0,0,0,0,0
chr1:12416527-12416836,0,0,0,0,0,0,0
chr1:12447080-12449621,0,0,0,0,0,0,0
chr1:12469469-12469556,0,0,0,0,0,0,0
chr1:12469669-12470665,0,0,0,0,0,0,0
chr1:12477267-12477682,0,0,0,0,0,0,0
chr1:12478562-12478646,0,0,0,0,0,0,0
chr1:12510658-12510937,0,0,0,0,0,0,0
chr1:12511107-12511439,0,0,0,0,0,0,0
chr1:12518706-12518936,0,0,0,0,0,0,0
chr1:12540000-12541599,0,0,0,0,0,0,1
chr1:12549000-12550799,0,0,0,0,0,0,0
chr1:12552000-12557399,0,0,0,0,0,0,0
chr1:12573799-12574566,0,0,0,0,0,0,0
chr1:12604314-12604399,0,0,0,0,0,0,0
chr1:12607032-12607198,0,0,0,0,0,0,0
chr1:12607492-12607602,0,0,0,0,0,0,0
chr1:12614695-12620210,0,0,0,0,0,0,0
chr1:12621400-12623199,0,0,0,0,0,0,1
chr1:12626649-12626948,0,0,0,0,0,0,0
chr1:12627024-12627407,0,0,0,0,0,0,0
chr1:12778251-12780282,0,0,0,0,0,0,0
chr1:12799619-12799838,0,0,0,0,0,0,0
chr1:12821896-12822260,0,0,0,0,0,0,0
chr1:13233626-13234944,0,0,0,0,0,0,0
chr1:13237096-13237960,0,0,0,0,0,0,0
chr1:13244018-13244349,0,0,0,0,0,0,0
chr1:13444905-13445211,0,0,0,0,0,0,0
chr1:13456122-13456457,0,0,0,0,0,0,0
chr1:13461800-13467399,0,0,0,0,0,0,1
chr1:13509799-13513493,0,0,0,1,0,0,0
chr1:13513747-13514439,0,0,0,0,0,0,0
chr1:13514568-13515369,0,0,0,0,0,0,0
chr1:13515427-13515716,0,0,0,0,0,0,0
chr1:13520200-13522599,0,0,0,0,0,0,1
chr1:13535723-13535814,0,0,0,0,0,0,0
chr1:13536816-13538241,0,0,0,0,0,0,0
chr1:13542200-13545199,0,0,0,0,0,0,0
chr1:13582200-13587999,0,0,0,1,1,0,0
chr1:13635373-13635486,0,0,0,0,0,0,0
chr1:13635586-13635669,0,0,0,0,0,0,0
